Modelo,RMSE_Medio,rRMSE_Medio,R2_Medio
,85.4964492797852,6.45688943862915,0.900921320915222
